CREATE TABLE "products" (
  "id" int PRIMARY KEY,
  "name" VARCHAR(50),
  "cost" INT
);

CREATE TABLE "buyer" (
  "id" int PRIMARY KEY,
  "basket_id" int,
  "first_name" VARCHAR(50),
  "last_name" VARCHAR(50),
  "email" VARCHAR(50),
  "region" VARCHAR(50),
  "payment" int
);

CREATE TABLE "basket" (
  "id" int PRIMARY KEY,
  "cost" INT,
  "products_id" INT
);

CREATE TABLE "company" (
  "id" int PRIMARY KEY,
  "products_id" INT
);

ALTER TABLE "buyer" ADD FOREIGN KEY ("basket_id") REFERENCES "basket" ("id");

ALTER TABLE "basket" ADD FOREIGN KEY ("products_id") REFERENCES "products" ("id");

ALTER TABLE "company" ADD FOREIGN KEY ("products_id") REFERENCES "products" ("id");

insert into products (id, name, cost) values (1, 'Schaefer-Conroy', 75);
insert into products (id, name, cost) values (2, 'Rippin-Ryan', 11);
insert into products (id, name, cost) values (3, 'Kshlerin Inc', 90);
insert into products (id, name, cost) values (4, 'Wyman LLC', 12);
insert into products (id, name, cost) values (5, 'Hansen, Mills and Murphy', 28);
insert into products (id, name, cost) values (6, 'Jerde-Emmerich', 22);
insert into products (id, name, cost) values (7, 'Osinski LLC', 23);
insert into products (id, name, cost) values (8, 'Greenfelder-Wuckert', 58);
insert into products (id, name, cost) values (9, 'Corwin, Kris and Emard', 23);
insert into products (id, name, cost) values (10, 'Stamm Inc', 7);
insert into products (id, name, cost) values (11, 'Kulas, Herzog and Price', 48);
insert into products (id, name, cost) values (12, 'Lind Inc', 27);
insert into products (id, name, cost) values (13, 'Steuber and Sons', 30);
insert into products (id, name, cost) values (14, 'Reinger-Maggio', 57);
insert into products (id, name, cost) values (15, 'Tremblay-Thompson', 12);
insert into products (id, name, cost) values (16, 'Waters and Sons', 28);
insert into products (id, name, cost) values (17, 'Pouros, Powlowski and Turner', 53);
insert into products (id, name, cost) values (18, 'Kuhn, Corkery and Dicki', 89);
insert into products (id, name, cost) values (19, 'Wiza and Sons', 54);
insert into products (id, name, cost) values (20, 'Heathcote, Koelpin and Cremin', 70);
insert into products (id, name, cost) values (21, 'Feest Inc', 77);
insert into products (id, name, cost) values (22, 'Leannon-Schamberger', 10);
insert into products (id, name, cost) values (23, 'Morissette-Kuhn', 46);
insert into products (id, name, cost) values (24, 'Veum, Blick and Frami', 48);
insert into products (id, name, cost) values (25, 'Collier, Schoen and Ebert', 53);
insert into products (id, name, cost) values (26, 'Schaefer, Balistreri and Kshlerin', 54);
insert into products (id, name, cost) values (27, 'Morar, Mueller and Ruecker', 5);
insert into products (id, name, cost) values (28, 'Johnson, Haag and Leannon', 73);
insert into products (id, name, cost) values (29, 'Stamm-Harvey', 60);
insert into products (id, name, cost) values (30, 'Denesik-Langworth', 29);
insert into products (id, name, cost) values (31, 'Borer LLC', 72);
insert into products (id, name, cost) values (32, 'Hirthe, Romaguera and Steuber', 79);
insert into products (id, name, cost) values (33, 'Sawayn Inc', 13);
insert into products (id, name, cost) values (34, 'Sipes, Wisozk and Spinka', 41);
insert into products (id, name, cost) values (35, 'Bednar-Keebler', 1);
insert into products (id, name, cost) values (36, 'Glover LLC', 81);
insert into products (id, name, cost) values (37, 'Fritsch-Kuphal', 77);
insert into products (id, name, cost) values (38, 'Schinner-Jaskolski', 78);
insert into products (id, name, cost) values (39, 'Mraz and Sons', 30);
insert into products (id, name, cost) values (40, 'Witting-Kertzmann', 1);
insert into products (id, name, cost) values (41, 'Mohr, Brakus and Kulas', 92);
insert into products (id, name, cost) values (42, 'Jacobson-Renner', 15);
insert into products (id, name, cost) values (43, 'Gulgowski, Sporer and Smith', 88);
insert into products (id, name, cost) values (44, 'Weber Group', 35);
insert into products (id, name, cost) values (45, 'Gleichner, Reinger and Dach', 66);
insert into products (id, name, cost) values (46, 'McDermott, Jacobi and Boyle', 85);
insert into products (id, name, cost) values (47, 'Schaden and Sons', 38);
insert into products (id, name, cost) values (48, 'Lakin-Orn', 85);
insert into products (id, name, cost) values (49, 'Lynch-Kuhlman', 4);
insert into products (id, name, cost) values (50, 'Metz, Lockman and Ziemann', 51);
insert into products (id, name, cost) values (51, 'Hoppe LLC', 6);
insert into products (id, name, cost) values (52, 'Schroeder Group', 35);
insert into products (id, name, cost) values (53, 'Heaney, Balistreri and Tremblay', 79);
insert into products (id, name, cost) values (54, 'Jones Inc', 71);
insert into products (id, name, cost) values (55, 'Batz, Kuhic and Funk', 8);
insert into products (id, name, cost) values (56, 'White LLC', 32);
insert into products (id, name, cost) values (57, 'Satterfield-Kessler', 28);
insert into products (id, name, cost) values (58, 'Kub-Stehr', 90);
insert into products (id, name, cost) values (59, 'Thompson, Schultz and Walsh', 20);
insert into products (id, name, cost) values (60, 'Muller and Sons', 30);
insert into products (id, name, cost) values (61, 'Huel, Schimmel and Hermiston', 75);
insert into products (id, name, cost) values (62, 'Kris Group', 40);
insert into products (id, name, cost) values (63, 'Blick-Tremblay', 24);
insert into products (id, name, cost) values (64, 'Bernhard LLC', 69);
insert into products (id, name, cost) values (65, 'Sawayn Group', 11);
insert into products (id, name, cost) values (66, 'Zboncak-Dibbert', 65);
insert into products (id, name, cost) values (67, 'Bergstrom-Koelpin', 18);
insert into products (id, name, cost) values (68, 'Rath and Sons', 12);
insert into products (id, name, cost) values (69, 'Bartoletti and Sons', 51);
insert into products (id, name, cost) values (70, 'Monahan, Witting and Sanford', 83);
insert into products (id, name, cost) values (71, 'Tillman Inc', 53);
insert into products (id, name, cost) values (72, 'Rodriguez and Sons', 38);
insert into products (id, name, cost) values (73, 'Nolan-Abshire', 89);
insert into products (id, name, cost) values (74, 'Ryan, Brekke and Kuvalis', 51);
insert into products (id, name, cost) values (75, 'Stanton Inc', 21);
insert into products (id, name, cost) values (76, 'Bergstrom and Sons', 68);
insert into products (id, name, cost) values (77, 'Littel, Kessler and Abshire', 33);
insert into products (id, name, cost) values (78, 'Breitenberg Group', 27);
insert into products (id, name, cost) values (79, 'Rowe, Harvey and Willms', 7);
insert into products (id, name, cost) values (80, 'Fay-Kuhn', 3);
insert into products (id, name, cost) values (81, 'Swaniawski-Jaskolski', 46);
insert into products (id, name, cost) values (82, 'Block LLC', 93);
insert into products (id, name, cost) values (83, 'Kerluke, Casper and Lebsack', 92);
insert into products (id, name, cost) values (84, 'Senger-Goodwin', 31);
insert into products (id, name, cost) values (85, 'Hettinger-Flatley', 87);
insert into products (id, name, cost) values (86, 'Ledner, Connelly and Weissnat', 28);
insert into products (id, name, cost) values (87, 'Trantow-Purdy', 39);
insert into products (id, name, cost) values (88, 'Zboncak, Schowalter and Fritsch', 8);
insert into products (id, name, cost) values (89, 'Bradtke, Romaguera and Renner', 42);
insert into products (id, name, cost) values (90, 'Hayes Inc', 91);
insert into products (id, name, cost) values (91, 'Koepp-Pfannerstill', 92);
insert into products (id, name, cost) values (92, 'Kessler, Nolan and Towne', 62);
insert into products (id, name, cost) values (93, 'Jakubowski, Abshire and Beatty', 88);
insert into products (id, name, cost) values (94, 'Johns, Leffler and Streich', 16);
insert into products (id, name, cost) values (95, 'Raynor, Metz and Connelly', 72);
insert into products (id, name, cost) values (96, 'Pfannerstill-Lubowitz', 13);
insert into products (id, name, cost) values (97, 'Nitzsche, Spencer and Langosh', 72);
insert into products (id, name, cost) values (98, 'Sporer-Raynor', 82);
insert into products (id, name, cost) values (99, 'Hills, Rodriguez and Hudson', 86);
insert into products (id, name, cost) values (100, 'Watsica-Cummings', 9);


insert into basket (id, cost, products_id) values (1, 85, 1);
insert into basket (id, cost, products_id) values (2, 84, 2);
insert into basket (id, cost, products_id) values (3, 77, 3);
insert into basket (id, cost, products_id) values (4, 17, 4);
insert into basket (id, cost, products_id) values (5, 2, 5);
insert into basket (id, cost, products_id) values (6, 18, 6);
insert into basket (id, cost, products_id) values (7, 32, 7);
insert into basket (id, cost, products_id) values (8, 18, 8);
insert into basket (id, cost, products_id) values (9, 88, 9);
insert into basket (id, cost, products_id) values (10, 62, 10);
insert into basket (id, cost, products_id) values (11, 38, 11);
insert into basket (id, cost, products_id) values (12, 36, 12);
insert into basket (id, cost, products_id) values (13, 34, 13);
insert into basket (id, cost, products_id) values (14, 39, 14);
insert into basket (id, cost, products_id) values (15, 18, 15);
insert into basket (id, cost, products_id) values (16, 72, 16);
insert into basket (id, cost, products_id) values (17, 31, 17);
insert into basket (id, cost, products_id) values (18, 84, 18);
insert into basket (id, cost, products_id) values (19, 40, 19);
insert into basket (id, cost, products_id) values (20, 94, 20);
insert into basket (id, cost, products_id) values (21, 38, 21);
insert into basket (id, cost, products_id) values (22, 42, 22);
insert into basket (id, cost, products_id) values (23, 83, 23);
insert into basket (id, cost, products_id) values (24, 99, 24);
insert into basket (id, cost, products_id) values (25, 39, 25);
insert into basket (id, cost, products_id) values (26, 44, 26);
insert into basket (id, cost, products_id) values (27, 60, 27);
insert into basket (id, cost, products_id) values (28, 55, 28);
insert into basket (id, cost, products_id) values (29, 87, 29);
insert into basket (id, cost, products_id) values (30, 66, 30);
insert into basket (id, cost, products_id) values (31, 28, 31);
insert into basket (id, cost, products_id) values (32, 11, 32);
insert into basket (id, cost, products_id) values (33, 31, 33);
insert into basket (id, cost, products_id) values (34, 30, 34);
insert into basket (id, cost, products_id) values (35, 89, 35);
insert into basket (id, cost, products_id) values (36, 62, 36);
insert into basket (id, cost, products_id) values (37, 42, 37);
insert into basket (id, cost, products_id) values (38, 90, 38);
insert into basket (id, cost, products_id) values (39, 46, 39);
insert into basket (id, cost, products_id) values (40, 24, 40);
insert into basket (id, cost, products_id) values (41, 47, 41);
insert into basket (id, cost, products_id) values (42, 99, 42);
insert into basket (id, cost, products_id) values (43, 73, 43);
insert into basket (id, cost, products_id) values (44, 36, 44);
insert into basket (id, cost, products_id) values (45, 59, 45);
insert into basket (id, cost, products_id) values (46, 30, 46);
insert into basket (id, cost, products_id) values (47, 3, 47);
insert into basket (id, cost, products_id) values (48, 76, 48);
insert into basket (id, cost, products_id) values (49, 75, 49);
insert into basket (id, cost, products_id) values (50, 29, 50);
insert into basket (id, cost, products_id) values (51, 84, 51);
insert into basket (id, cost, products_id) values (52, 9, 52);
insert into basket (id, cost, products_id) values (53, 80, 53);
insert into basket (id, cost, products_id) values (54, 64, 54);
insert into basket (id, cost, products_id) values (55, 78, 55);
insert into basket (id, cost, products_id) values (56, 22, 56);
insert into basket (id, cost, products_id) values (57, 45, 57);
insert into basket (id, cost, products_id) values (58, 87, 58);
insert into basket (id, cost, products_id) values (59, 13, 59);
insert into basket (id, cost, products_id) values (60, 19, 60);
insert into basket (id, cost, products_id) values (61, 29, 61);
insert into basket (id, cost, products_id) values (62, 65, 62);
insert into basket (id, cost, products_id) values (63, 9, 63);
insert into basket (id, cost, products_id) values (64, 27, 64);
insert into basket (id, cost, products_id) values (65, 75, 65);
insert into basket (id, cost, products_id) values (66, 21, 66);
insert into basket (id, cost, products_id) values (67, 76, 67);
insert into basket (id, cost, products_id) values (68, 97, 68);
insert into basket (id, cost, products_id) values (69, 43, 69);
insert into basket (id, cost, products_id) values (70, 48, 70);
insert into basket (id, cost, products_id) values (71, 100, 71);
insert into basket (id, cost, products_id) values (72, 29, 72);
insert into basket (id, cost, products_id) values (73, 94, 73);
insert into basket (id, cost, products_id) values (74, 39, 74);
insert into basket (id, cost, products_id) values (75, 41, 75);
insert into basket (id, cost, products_id) values (76, 95, 76);
insert into basket (id, cost, products_id) values (77, 6, 77);
insert into basket (id, cost, products_id) values (78, 62, 78);
insert into basket (id, cost, products_id) values (79, 13, 79);
insert into basket (id, cost, products_id) values (80, 58, 80);
insert into basket (id, cost, products_id) values (81, 4, 81);
insert into basket (id, cost, products_id) values (82, 28, 82);
insert into basket (id, cost, products_id) values (83, 24, 83);
insert into basket (id, cost, products_id) values (84, 28, 84);
insert into basket (id, cost, products_id) values (85, 70, 85);
insert into basket (id, cost, products_id) values (86, 28, 86);
insert into basket (id, cost, products_id) values (87, 7, 87);
insert into basket (id, cost, products_id) values (88, 95, 88);
insert into basket (id, cost, products_id) values (89, 25, 89);
insert into basket (id, cost, products_id) values (90, 100, 90);
insert into basket (id, cost, products_id) values (91, 44, 91);
insert into basket (id, cost, products_id) values (92, 54, 92);
insert into basket (id, cost, products_id) values (93, 73, 93);
insert into basket (id, cost, products_id) values (94, 12, 94);
insert into basket (id, cost, products_id) values (95, 20, 95);
insert into basket (id, cost, products_id) values (96, 90, 96);
insert into basket (id, cost, products_id) values (97, 25, 97);
insert into basket (id, cost, products_id) values (98, 43, 98);
insert into basket (id, cost, products_id) values (99, 26, 99);
insert into basket (id, cost, products_id) values (100, 56, 100);

insert into buyer (id, basket_id, first_name, last_name, email, region, payment) values (1, 1, 'Audry', 'Strewthers', 'astrewthers0@google.nl', 'Gabon', 8);
insert into buyer (id, basket_id, first_name, last_name, email, region, payment) values (2, 2, 'Pepe', 'Mish', 'pmish1@twitter.com', 'Poland', 39);
insert into buyer (id, basket_id, first_name, last_name, email, region, payment) values (3, 3, 'Heddi', 'Lindsay', 'hlindsay2@yale.edu', 'Indonesia', 99);
insert into buyer (id, basket_id, first_name, last_name, email, region, payment) values (4, 4, 'Brett', 'Dilks', 'bdilks3@last.fm', 'South Sudan', 59);
insert into buyer (id, basket_id, first_name, last_name, email, region, payment) values (5, 5, 'Ainslie', 'Carik', 'acarik4@marketwatch.com', 'China', 64);
insert into buyer (id, basket_id, first_name, last_name, email, region, payment) values (6, 6, 'Rivkah', 'Coop', 'rcoop5@chronoengine.com', 'Indonesia', 61);
insert into buyer (id, basket_id, first_name, last_name, email, region, payment) values (7, 7, 'Barton', 'Thaxter', 'bthaxter6@umn.edu', 'Nigeria', 2);
insert into buyer (id, basket_id, first_name, last_name, email, region, payment) values (8, 8, 'Cassey', 'Skully', 'cskully7@buzzfeed.com', 'Costa Rica', 42);
insert into buyer (id, basket_id, first_name, last_name, email, region, payment) values (9, 9, 'Poppy', 'Kinker', 'pkinker8@usatoday.com', 'China', 73);
insert into buyer (id, basket_id, first_name, last_name, email, region, payment) values (10, 10, 'Ardella', 'O''Brian', 'aobrian9@barnesandnoble.com', 'Ukraine', 12);
insert into buyer (id, basket_id, first_name, last_name, email, region, payment) values (11, 11, 'Goldina', 'O''Doohaine', 'godoohainea@addthis.com', 'Mexico', 32);
insert into buyer (id, basket_id, first_name, last_name, email, region, payment) values (12, 12, 'Roselle', 'Rival', 'rrivalb@harvard.edu', 'Ukraine', 91);
insert into buyer (id, basket_id, first_name, last_name, email, region, payment) values (13, 13, 'Ansley', 'Armitt', 'aarmittc@oracle.com', 'Nigeria', 21);
insert into buyer (id, basket_id, first_name, last_name, email, region, payment) values (14, 14, 'Raffarty', 'Cadagan', 'rcadagand@columbia.edu', 'Comoros', 28);
insert into buyer (id, basket_id, first_name, last_name, email, region, payment) values (15, 15, 'Anitra', 'Schriren', 'aschrirene@mapy.cz', 'Thailand', 1);
insert into buyer (id, basket_id, first_name, last_name, email, region, payment) values (16, 16, 'Harlan', 'Burg', 'hburgf@uiuc.edu', 'Peru', 84);
insert into buyer (id, basket_id, first_name, last_name, email, region, payment) values (17, 17, 'Kelsi', 'Basso', 'kbassog@trellian.com', 'South Africa', 25);
insert into buyer (id, basket_id, first_name, last_name, email, region, payment) values (18, 18, 'Viki', 'Abramovitz', 'vabramovitzh@bloglovin.com', 'Sweden', 14);
insert into buyer (id, basket_id, first_name, last_name, email, region, payment) values (19, 19, 'Cull', 'Shilstone', 'cshilstonei@bloglines.com', 'Kazakhstan', 49);
insert into buyer (id, basket_id, first_name, last_name, email, region, payment) values (20, 20, 'Vitoria', 'Garrad', 'vgarradj@tumblr.com', 'Guatemala', 27);
insert into buyer (id, basket_id, first_name, last_name, email, region, payment) values (21, 21, 'Allissa', 'Foster-Smith', 'afostersmithk@bloglovin.com', 'Azerbaijan', 50);
insert into buyer (id, basket_id, first_name, last_name, email, region, payment) values (22, 22, 'Bren', 'Pashan', 'bpashanl@illinois.edu', 'Tanzania', 65);
insert into buyer (id, basket_id, first_name, last_name, email, region, payment) values (23, 23, 'Ikey', 'Kauscher', 'ikauscherm@wired.com', 'France', 18);
insert into buyer (id, basket_id, first_name, last_name, email, region, payment) values (24, 24, 'Mab', 'McNae', 'mmcnaen@ox.ac.uk', 'France', 97);
insert into buyer (id, basket_id, first_name, last_name, email, region, payment) values (25, 25, 'Lowe', 'Greedier', 'lgreediero@linkedin.com', 'Azerbaijan', 31);
insert into buyer (id, basket_id, first_name, last_name, email, region, payment) values (26, 26, 'Maddy', 'Tidbold', 'mtidboldp@arstechnica.com', 'Uganda', 97);
insert into buyer (id, basket_id, first_name, last_name, email, region, payment) values (27, 27, 'Lorain', 'Rozenzweig', 'lrozenzweigq@google.pl', 'Indonesia', 7);
insert into buyer (id, basket_id, first_name, last_name, email, region, payment) values (28, 28, 'Kahlil', 'Whitmarsh', 'kwhitmarshr@msu.edu', 'United States', 59);
insert into buyer (id, basket_id, first_name, last_name, email, region, payment) values (29, 29, 'Kurtis', 'Benninck', 'kbennincks@posterous.com', 'Indonesia', 36);
insert into buyer (id, basket_id, first_name, last_name, email, region, payment) values (30, 30, 'Aguie', 'Kneafsey', 'akneafseyt@themeforest.net', 'Croatia', 77);
insert into buyer (id, basket_id, first_name, last_name, email, region, payment) values (31, 31, 'Demetris', 'Mudle', 'dmudleu@newsvine.com', 'Ivory Coast', 72);
insert into buyer (id, basket_id, first_name, last_name, email, region, payment) values (32, 32, 'Anette', 'Bruins', 'abruinsv@geocities.com', 'Iran', 38);
insert into buyer (id, basket_id, first_name, last_name, email, region, payment) values (33, 33, 'Michael', 'Bayliss', 'mbaylissw@arizona.edu', 'Indonesia', 14);
insert into buyer (id, basket_id, first_name, last_name, email, region, payment) values (34, 34, 'Cristobal', 'Rosini', 'crosinix@i2i.jp', 'Tanzania', 22);
insert into buyer (id, basket_id, first_name, last_name, email, region, payment) values (35, 35, 'Patricio', 'Gauchier', 'pgauchiery@oaic.gov.au', 'China', 66);
insert into buyer (id, basket_id, first_name, last_name, email, region, payment) values (36, 36, 'Lonee', 'Sacase', 'lsacasez@addthis.com', 'China', 84);
insert into buyer (id, basket_id, first_name, last_name, email, region, payment) values (37, 37, 'Moss', 'Everit', 'meverit10@mit.edu', 'Honduras', 78);
insert into buyer (id, basket_id, first_name, last_name, email, region, payment) values (38, 38, 'Keith', 'Meadway', 'kmeadway11@google.com.hk', 'Russia', 5);
insert into buyer (id, basket_id, first_name, last_name, email, region, payment) values (39, 39, 'Ashton', 'Nozzolii', 'anozzolii12@a8.net', 'Bulgaria', 8);
insert into buyer (id, basket_id, first_name, last_name, email, region, payment) values (40, 40, 'Yetty', 'Escalera', 'yescalera13@usgs.gov', 'Chile', 27);
insert into buyer (id, basket_id, first_name, last_name, email, region, payment) values (41, 41, 'Powell', 'Shillington', 'pshillington14@photobucket.com', 'Guatemala', 27);
insert into buyer (id, basket_id, first_name, last_name, email, region, payment) values (42, 42, 'Curtis', 'O''Henehan', 'cohenehan15@myspace.com', 'China', 2);
insert into buyer (id, basket_id, first_name, last_name, email, region, payment) values (43, 43, 'Levon', 'Moult', 'lmoult16@eepurl.com', 'Ireland', 88);
insert into buyer (id, basket_id, first_name, last_name, email, region, payment) values (44, 44, 'Nye', 'Gaskin', 'ngaskin17@merriam-webster.com', 'Brazil', 40);
insert into buyer (id, basket_id, first_name, last_name, email, region, payment) values (45, 45, 'Domenic', 'Shufflebotham', 'dshufflebotham18@shinystat.com', 'Luxembourg', 23);
insert into buyer (id, basket_id, first_name, last_name, email, region, payment) values (46, 46, 'Saundra', 'Hopfner', 'shopfner19@cpanel.net', 'Portugal', 47);
insert into buyer (id, basket_id, first_name, last_name, email, region, payment) values (47, 47, 'Gal', 'Escot', 'gescot1a@sbwire.com', 'Latvia', 8);
insert into buyer (id, basket_id, first_name, last_name, email, region, payment) values (48, 48, 'Reed', 'Baleine', 'rbaleine1b@issuu.com', 'China', 73);
insert into buyer (id, basket_id, first_name, last_name, email, region, payment) values (49, 49, 'Vonni', 'Hyland', 'vhyland1c@t.co', 'Bosnia and Herzegovina', 67);
insert into buyer (id, basket_id, first_name, last_name, email, region, payment) values (50, 50, 'Maddie', 'Farn', 'mfarn1d@mapquest.com', 'Myanmar', 50);
insert into buyer (id, basket_id, first_name, last_name, email, region, payment) values (51, 51, 'Joanna', 'Carmen', 'jcarmen1e@soundcloud.com', 'Mexico', 46);
insert into buyer (id, basket_id, first_name, last_name, email, region, payment) values (52, 52, 'Trent', 'Lancley', 'tlancley1f@berkeley.edu', 'China', 46);
insert into buyer (id, basket_id, first_name, last_name, email, region, payment) values (53, 53, 'Adriaens', 'Stive', 'astive1g@sphinn.com', 'Zambia', 50);
insert into buyer (id, basket_id, first_name, last_name, email, region, payment) values (54, 54, 'Brewer', 'Lackey', 'blackey1h@github.com', 'China', 63);
insert into buyer (id, basket_id, first_name, last_name, email, region, payment) values (55, 55, 'Geno', 'Venn', 'gvenn1i@mashable.com', 'Colombia', 64);
insert into buyer (id, basket_id, first_name, last_name, email, region, payment) values (56, 56, 'Camille', 'Reven', 'creven1j@hud.gov', 'Poland', 23);
insert into buyer (id, basket_id, first_name, last_name, email, region, payment) values (57, 57, 'Darrell', 'Cowup', 'dcowup1k@devhub.com', 'Tajikistan', 33);
insert into buyer (id, basket_id, first_name, last_name, email, region, payment) values (58, 58, 'Robbin', 'Banham', 'rbanham1l@seesaa.net', 'Madagascar', 27);
insert into buyer (id, basket_id, first_name, last_name, email, region, payment) values (59, 59, 'Aileen', 'Gussin', 'agussin1m@google.com', 'Sweden', 22);
insert into buyer (id, basket_id, first_name, last_name, email, region, payment) values (60, 60, 'Eziechiele', 'Rosenbaum', 'erosenbaum1n@jiathis.com', 'China', 61);
insert into buyer (id, basket_id, first_name, last_name, email, region, payment) values (61, 61, 'Jacklin', 'Hammant', 'jhammant1o@tripadvisor.com', 'China', 75);
insert into buyer (id, basket_id, first_name, last_name, email, region, payment) values (62, 62, 'Joanna', 'Pieter', 'jpieter1p@ustream.tv', 'Indonesia', 4);
insert into buyer (id, basket_id, first_name, last_name, email, region, payment) values (63, 63, 'Tabitha', 'Giriardelli', 'tgiriardelli1q@chronoengine.com', 'Syria', 92);
insert into buyer (id, basket_id, first_name, last_name, email, region, payment) values (64, 64, 'Stanwood', 'Vanezis', 'svanezis1r@livejournal.com', 'Poland', 17);
insert into buyer (id, basket_id, first_name, last_name, email, region, payment) values (65, 65, 'Megen', 'Godsafe', 'mgodsafe1s@so-net.ne.jp', 'Sierra Leone', 67);
insert into buyer (id, basket_id, first_name, last_name, email, region, payment) values (66, 66, 'Clarette', 'Ethridge', 'cethridge1t@nymag.com', 'China', 18);
insert into buyer (id, basket_id, first_name, last_name, email, region, payment) values (67, 67, 'Karoly', 'Goodhay', 'kgoodhay1u@cdc.gov', 'China', 73);
insert into buyer (id, basket_id, first_name, last_name, email, region, payment) values (68, 68, 'Jere', 'Flye', 'jflye1v@shutterfly.com', 'Indonesia', 75);
insert into buyer (id, basket_id, first_name, last_name, email, region, payment) values (69, 69, 'Shani', 'Breese', 'sbreese1w@seattletimes.com', 'China', 100);
insert into buyer (id, basket_id, first_name, last_name, email, region, payment) values (70, 70, 'Hertha', 'Stanex', 'hstanex1x@blogs.com', 'Poland', 96);
insert into buyer (id, basket_id, first_name, last_name, email, region, payment) values (71, 71, 'Kearney', 'Mawson', 'kmawson1y@flickr.com', 'China', 24);
insert into buyer (id, basket_id, first_name, last_name, email, region, payment) values (72, 72, 'Lucille', 'Betonia', 'lbetonia1z@mozilla.org', 'Brazil', 69);
insert into buyer (id, basket_id, first_name, last_name, email, region, payment) values (73, 73, 'Lauraine', 'O''Toole', 'lotoole20@sciencedirect.com', 'Colombia', 50);
insert into buyer (id, basket_id, first_name, last_name, email, region, payment) values (74, 74, 'Jacquelyn', 'Maplesden', 'jmaplesden21@surveymonkey.com', 'Indonesia', 68);
insert into buyer (id, basket_id, first_name, last_name, email, region, payment) values (75, 75, 'Jesus', 'Costen', 'jcosten22@vimeo.com', 'Brazil', 15);
insert into buyer (id, basket_id, first_name, last_name, email, region, payment) values (76, 76, 'Jacques', 'Cuthbertson', 'jcuthbertson23@boston.com', 'Chile', 76);
insert into buyer (id, basket_id, first_name, last_name, email, region, payment) values (77, 77, 'Rodi', 'Crudgington', 'rcrudgington24@mlb.com', 'Somalia', 22);
insert into buyer (id, basket_id, first_name, last_name, email, region, payment) values (78, 78, 'Caz', 'Duffrie', 'cduffrie25@deviantart.com', 'Portugal', 82);
insert into buyer (id, basket_id, first_name, last_name, email, region, payment) values (79, 79, 'Chrisse', 'Wykes', 'cwykes26@disqus.com', 'Philippines', 77);
insert into buyer (id, basket_id, first_name, last_name, email, region, payment) values (80, 80, 'Annalise', 'Loudyan', 'aloudyan27@nature.com', 'Ukraine', 13);
insert into buyer (id, basket_id, first_name, last_name, email, region, payment) values (81, 81, 'Lilas', 'Tomek', 'ltomek28@bloglines.com', 'China', 63);
insert into buyer (id, basket_id, first_name, last_name, email, region, payment) values (82, 82, 'Dominick', 'Curlis', 'dcurlis29@freewebs.com', 'Serbia', 89);
insert into buyer (id, basket_id, first_name, last_name, email, region, payment) values (83, 83, 'Jessamine', 'Mewhirter', 'jmewhirter2a@livejournal.com', 'Indonesia', 94);
insert into buyer (id, basket_id, first_name, last_name, email, region, payment) values (84, 84, 'Wald', 'Paridge', 'wparidge2b@constantcontact.com', 'Mauritius', 64);
insert into buyer (id, basket_id, first_name, last_name, email, region, payment) values (85, 85, 'Aldric', 'Burde', 'aburde2c@answers.com', 'China', 43);
insert into buyer (id, basket_id, first_name, last_name, email, region, payment) values (86, 86, 'Fredek', 'MacGeffen', 'fmacgeffen2d@xrea.com', 'Syria', 80);
insert into buyer (id, basket_id, first_name, last_name, email, region, payment) values (87, 87, 'Wyndham', 'Bartolini', 'wbartolini2e@biblegateway.com', 'Indonesia', 7);
insert into buyer (id, basket_id, first_name, last_name, email, region, payment) values (88, 88, 'Belia', 'Newburn', 'bnewburn2f@goo.ne.jp', 'Indonesia', 88);
insert into buyer (id, basket_id, first_name, last_name, email, region, payment) values (89, 89, 'Willie', 'Walden', 'wwalden2g@deliciousdays.com', 'Philippines', 58);
insert into buyer (id, basket_id, first_name, last_name, email, region, payment) values (90, 90, 'Hubey', 'Riccioppo', 'hriccioppo2h@blogspot.com', 'Portugal', 53);
insert into buyer (id, basket_id, first_name, last_name, email, region, payment) values (91, 91, 'Gunner', 'Caddies', 'gcaddies2i@netscape.com', 'Poland', 94);
insert into buyer (id, basket_id, first_name, last_name, email, region, payment) values (92, 92, 'Ediva', 'Martinello', 'emartinello2j@t-online.de', 'Syria', 12);
insert into buyer (id, basket_id, first_name, last_name, email, region, payment) values (93, 93, 'Lester', 'Cornelisse', 'lcornelisse2k@time.com', 'Indonesia', 40);
insert into buyer (id, basket_id, first_name, last_name, email, region, payment) values (94, 94, 'Gabbie', 'Bisley', 'gbisley2l@theguardian.com', 'Philippines', 62);
insert into buyer (id, basket_id, first_name, last_name, email, region, payment) values (95, 95, 'Valentino', 'Deam', 'vdeam2m@nature.com', 'Russia', 91);
insert into buyer (id, basket_id, first_name, last_name, email, region, payment) values (96, 96, 'Georas', 'Siney', 'gsiney2n@woothemes.com', 'Cambodia', 24);
insert into buyer (id, basket_id, first_name, last_name, email, region, payment) values (97, 97, 'Homer', 'Clarridge', 'hclarridge2o@examiner.com', 'Greece', 13);
insert into buyer (id, basket_id, first_name, last_name, email, region, payment) values (98, 98, 'Teresa', 'Vost', 'tvost2p@europa.eu', 'Serbia', 64);
insert into buyer (id, basket_id, first_name, last_name, email, region, payment) values (99, 99, 'Janella', 'Gipp', 'jgipp2q@dailymotion.com', 'Indonesia', 27);
insert into buyer (id, basket_id, first_name, last_name, email, region, payment) values (100, 100, 'Wilhelmina', 'Hamblin', 'whamblin2r@nps.gov', 'Macedonia', 100);




insert into company (id, products_id) values (1, 1);
insert into company (id, products_id) values (2, 2);
insert into company (id, products_id) values (3, 3);
insert into company (id, products_id) values (4, 4);
insert into company (id, products_id) values (5, 5);
insert into company (id, products_id) values (6, 6);
insert into company (id, products_id) values (7, 7);
insert into company (id, products_id) values (8, 8);
insert into company (id, products_id) values (9, 9);
insert into company (id, products_id) values (10, 10);
insert into company (id, products_id) values (11, 11);
insert into company (id, products_id) values (12, 12);
insert into company (id, products_id) values (13, 13);
insert into company (id, products_id) values (14, 14);
insert into company (id, products_id) values (15, 15);
insert into company (id, products_id) values (16, 16);
insert into company (id, products_id) values (17, 17);
insert into company (id, products_id) values (18, 18);
insert into company (id, products_id) values (19, 19);
insert into company (id, products_id) values (20, 20);
insert into company (id, products_id) values (21, 21);
insert into company (id, products_id) values (22, 22);
insert into company (id, products_id) values (23, 23);
insert into company (id, products_id) values (24, 24);
insert into company (id, products_id) values (25, 25);
insert into company (id, products_id) values (26, 26);
insert into company (id, products_id) values (27, 27);
insert into company (id, products_id) values (28, 28);
insert into company (id, products_id) values (29, 29);
insert into company (id, products_id) values (30, 30);
insert into company (id, products_id) values (31, 31);
insert into company (id, products_id) values (32, 32);
insert into company (id, products_id) values (33, 33);
insert into company (id, products_id) values (34, 34);
insert into company (id, products_id) values (35, 35);
insert into company (id, products_id) values (36, 36);
insert into company (id, products_id) values (37, 37);
insert into company (id, products_id) values (38, 38);
insert into company (id, products_id) values (39, 39);
insert into company (id, products_id) values (40, 40);
insert into company (id, products_id) values (41, 41);
insert into company (id, products_id) values (42, 42);
insert into company (id, products_id) values (43, 43);
insert into company (id, products_id) values (44, 44);
insert into company (id, products_id) values (45, 45);
insert into company (id, products_id) values (46, 46);
insert into company (id, products_id) values (47, 47);
insert into company (id, products_id) values (48, 48);
insert into company (id, products_id) values (49, 49);
insert into company (id, products_id) values (50, 50);
insert into company (id, products_id) values (51, 51);
insert into company (id, products_id) values (52, 52);
insert into company (id, products_id) values (53, 53);
insert into company (id, products_id) values (54, 54);
insert into company (id, products_id) values (55, 55);
insert into company (id, products_id) values (56, 56);
insert into company (id, products_id) values (57, 57);
insert into company (id, products_id) values (58, 58);
insert into company (id, products_id) values (59, 59);
insert into company (id, products_id) values (60, 60);
insert into company (id, products_id) values (61, 61);
insert into company (id, products_id) values (62, 62);
insert into company (id, products_id) values (63, 63);
insert into company (id, products_id) values (64, 64);
insert into company (id, products_id) values (65, 65);
insert into company (id, products_id) values (66, 66);
insert into company (id, products_id) values (67, 67);
insert into company (id, products_id) values (68, 68);
insert into company (id, products_id) values (69, 69);
insert into company (id, products_id) values (70, 70);
insert into company (id, products_id) values (71, 71);
insert into company (id, products_id) values (72, 72);
insert into company (id, products_id) values (73, 73);
insert into company (id, products_id) values (74, 74);
insert into company (id, products_id) values (75, 75);
insert into company (id, products_id) values (76, 76);
insert into company (id, products_id) values (77, 77);
insert into company (id, products_id) values (78, 78);
insert into company (id, products_id) values (79, 79);
insert into company (id, products_id) values (80, 80);
insert into company (id, products_id) values (81, 81);
insert into company (id, products_id) values (82, 82);
insert into company (id, products_id) values (83, 83);
insert into company (id, products_id) values (84, 84);
insert into company (id, products_id) values (85, 85);
insert into company (id, products_id) values (86, 86);
insert into company (id, products_id) values (87, 87);
insert into company (id, products_id) values (88, 88);
insert into company (id, products_id) values (89, 89);
insert into company (id, products_id) values (90, 90);
insert into company (id, products_id) values (91, 91);
insert into company (id, products_id) values (92, 92);
insert into company (id, products_id) values (93, 93);
insert into company (id, products_id) values (94, 94);
insert into company (id, products_id) values (95, 95);
insert into company (id, products_id) values (96, 96);
insert into company (id, products_id) values (97, 97);
insert into company (id, products_id) values (98, 98);
insert into company (id, products_id) values (99, 99);
insert into company (id, products_id) values (100, 100);

